DESIGNED PEPTIDES					SHUFFLED PEPTIDES			
Peptide number	Sequence	S. aureus	B. anthracis		Peptide number	Sequence	S. aureus	B. anthracis
28	FLGVVFKLASKVFPAVFGKV	8	16		28	GVSVAGAKKVKVLFVFPFLF	+	+
51	FLFRVASKVFPALIGKFKKK	16	16		51	RKVAPALIKSFVFLFKFKKG	128	256
22	LGALFRVASKVFPAVISMVK	64	64		22	SVPSVGAVLFFKRAAVMKLI	+	+
63	LPVLFKLASKVFPAVFSSLK	128	128		63	VSVKKVLPFAPLKSLLSFAF	+	+
5	FLFGLASKVFPAVYCKVTRK	256	128		5	FLPVLVKVFRYSKKTAAGCF	+	+
43	SFVFKLASKVVPSVFSALTR	256	128		43	ASPTVFRSSVFLSLFVVAKK	+	+
35	LPVVFRVASKVFPALISKLT	256	128		35	KVFIATLVVSSFLLAKPPRV	+	+
